sample,number of slide,chr,start,end,gene,reference,alt,effect,aminoAcid,rnaVaf,dnaVaf,,,,,,,,,,,,
TCGA-17-Z032-01A,,chr7,55174772,55174786,EGFR,GGAATTAAGAGAAGC,-,inframe_deletion,p.E746_A750del,,0.3448,,,,,,,,,,,,
TCGA-38-4628-01A,,chr7,55174772,55174786,EGFR,GGAATTAAGAGAAGC,-,inframe_deletion,p.E746_A750del,,0.378,,,,,,,,,,,,
TCGA-38-6178-01A,,chr7,55174772,55174786,EGFR,GGAATTAAGAGAAGC,-,inframe_deletion,p.E746_A750del,,0.5928,,,,,,,,,,,,
TCGA-44-2661-01A,,chr7,55174772,55174786,EGFR,GGAATTAAGAGAAGC,-,inframe_deletion,p.E746_A750del,,0.08876,,,,,,,,,,,,
TCGA-49-4501-01A,,chr7,55174773,55174787,EGFR,GAATTAAGAGAAGCA,-,inframe_deletion,p.E746_A750del,,0.1937,,,,,,,,,,,,
TCGA-55-8206-01A,,chr7,55174773,55174787,EGFR,GAATTAAGAGAAGCA,-,inframe_deletion,p.E746_A750del,,0.225,,,,,,,,,,,,
TCGA-62-8402-01A,,chr7,55174772,55174786,EGFR,GGAATTAAGAGAAGC,-,inframe_deletion,p.E746_A750del,,0.3913,,,,,,,,,,,,
TCGA-62-A46U-01A,,chr7,55174773,55174787,EGFR,GAATTAAGAGAAGCA,-,inframe_deletion,p.E746_A750del,,0.1196,,,,,,,,,,,,
TCGA-75-6207-01A,,chr7,55174772,55174786,EGFR,GGAATTAAGAGAAGC,-,inframe_deletion,p.E746_A750del,,0.28,,,,,,,,,,,,
TCGA-75-7025-01A,,chr7,55174772,55174786,EGFR,GGAATTAAGAGAAGC,-,inframe_deletion,p.E746_A750del,,0.3895,,,,,,,,,,,,
TCGA-86-8074-01A,,chr7,55174772,55174786,EGFR,GGAATTAAGAGAAGC,-,inframe_deletion,p.E746_A750del,,0.1929,,,,,,,,,,,,
TCGA-86-8280-01A,,chr7,55174772,55174786,EGFR,GGAATTAAGAGAAGC,-,inframe_deletion,p.E746_A750del,,0.2403,,,,,,,,,,,,
TCGA-97-8171-01A,,chr7,55174772,55174786,EGFR,GGAATTAAGAGAAGC,-,inframe_deletion,p.E746_A750del,,0.5612,,,,,,,,,,,,
TCGA-97-8547-01A,,chr7,55174772,55174786,EGFR,GGAATTAAGAGAAGC,-,inframe_deletion,p.E746_A750del,,0.4161,,,,,,,,,,,,
TCGA-97-8552-01A,,chr7,55174773,55174787,EGFR,GAATTAAGAGAAGCA,-,inframe_deletion,p.E746_A750del,,0.2115,,,,,,,,,,,,
TCGA-97-A4M6-01A,,chr7,55174772,55174786,EGFR,GGAATTAAGAGAAGC,-,inframe_deletion,p.E746_A750del,,0.1778,,,,,,,,,,,,
TCGA-J2-8192-01A,,chr7,55174773,55174787,EGFR,GAATTAAGAGAAGCA,-,inframe_deletion,p.E746_A750del,,0.3867,,,,,,,,,,,,
TCGA-50-6591-01A,,chr7,55174797,55174814,EGFR,AAAGCCAACAAGGAAATC,-,inframe_deletion,p.K754_I759del,,0.7773,TCGA-50-6591-01A,chr7,55191746,55191746,EGFR,T,G,,missense_variant,p.L833V,,0.9225
TCGA-55-6981-01A,,chr7,55174775,55174789,EGFR,ATTAAGAGAAGCAAC,-,inframe_deletion,p.L747_T751del,,0.6338,,,,,,,,,,,,
TCGA-55-A57B-01A,,chr7,55174775,55174789,EGFR,ATTAAGAGAAGCAAC,-,inframe_deletion,p.L747_T751del,,0.1683,,,,,,,,,,,,
TCGA-17-Z047-01A,,chr7,55191822,55191822,EGFR,T,G,missense_variant,p.L858R,,0.07542,,,,,,,,,,,,
TCGA-49-4490-01A,,chr7,55191822,55191822,EGFR,T,G,missense_variant,p.L858R,,0.4087,,,,,,,,,,,,
TCGA-50-5944-01A,,chr7,55191822,55191822,EGFR,T,G,missense_variant,p.L858R,,0.2941,,,,,,,,,,,,
TCGA-55-8096-01A,,chr7,55191822,55191822,EGFR,T,G,missense_variant,p.L858R,,0.4697,,,,,,,,,,,,
TCGA-55-8506-01A,,chr7,55191822,55191822,EGFR,T,G,missense_variant,p.L858R,,0.4671,,,,,,,,,,,,
TCGA-62-8394-01A,,chr7,55191822,55191822,EGFR,T,G,missense_variant,p.L858R,,0.4245,,,,,,,,,,,,
TCGA-64-1681-01A,,chr7,55191822,55191822,EGFR,T,G,missense_variant,p.L858R,,0.3178,,,,,,,,,,,,
TCGA-67-3770-01A,,chr7,55191822,55191822,EGFR,T,G,missense_variant,p.L858R,,0.2493,,,,,,,,,,,,
TCGA-67-3772-01A,2,chr7,55191822,55191822,EGFR,T,G,missense_variant,p.L858R,,0.2697,,,,,,,,,,,,
TCGA-67-6217-01A,2,chr7,55191822,55191822,EGFR,T,G,missense_variant,p.L858R,,0.1429,,,,,,,,,,,,
TCGA-86-8055-01A,2,chr7,55191822,55191822,EGFR,T,G,missense_variant,p.L858R,,0.7159,,,,,,,,,,,,
TCGA-86-8075-01A,2,chr7,55191822,55191822,EGFR,T,G,missense_variant,p.L858R,,0.4194,,,,,,,,,,,,
TCGA-86-8668-01A,2,chr7,55191822,55191822,EGFR,T,G,missense_variant,p.L858R,,0.1514,,,,,,,,,,,,
TCGA-91-6835-01A,1,chr7,55191822,55191822,EGFR,T,G,missense_variant,p.L858R,,0.114,,,,,,,,,,,,
TCGA-97-8177-01A,1,chr7,55191822,55191822,EGFR,T,G,missense_variant,p.L858R,,0.1879,,,,,,,,,,,,
TCGA-97-A4M1-01A,1,chr7,55191822,55191822,EGFR,T,G,missense_variant,p.L858R,,0.1181,,,,,,,,,,,,
TCGA-97-A4M7-01A,1,chr7,55191822,55191822,EGFR,T,G,missense_variant,p.L858R,,0.1329,,,,,,,,,,,,
TCGA-MP-A4SW-01A,1,chr7,55191822,55191822,EGFR,T,G,missense_variant,p.L858R,,0.5751,,,,,,,,,,,,
TCGA-MP-A4T9-01A,1,chr7,55191822,55191822,EGFR,T,G,missense_variant,p.L858R,,0.2825,,,,,,,,,,,,